"","Df","Sum Sq","Mean Sq","F value","Pr(>F)"
"Body.Type  ",22,199995662098147,9090711913552.12,13.8749256578216,8.49711773312616e-33
"Residuals  ",268,175590907866131,655189954724.369,NA,NA
